id_venda,id_usuario,id_produto,quantidade,data
1,44,18,3,2025-04-09
2,50,11,1,2024-10-23
3,19,14,2,2025-03-08
4,30,1,3,2024-08-22
5,33,6,5,2024-12-06
6,7,10,5,2025-04-30
7,39,7,2,2024-07-13
8,24,6,5,2025-02-16
9,50,17,1,2024-05-13
10,39,11,4,2025-04-29
11,2,4,3,2024-05-17
12,20,8,1,2024-11-23
13,16,19,1,2024-11-03
14,6,16,1,2024-12-24
15,49,18,2,2025-02-15
16,9,16,5,2024-12-10
17,11,9,5,2024-06-16
18,39,14,2,2025-02-12
19,35,7,3,2024-10-05
20,26,12,4,2024-09-02
21,34,15,1,2025-04-02
22,16,8,1,2024-07-10
23,22,1,5,2024-05-16
24,36,8,5,2025-04-30
25,15,1,1,2024-11-26
26,46,2,2,2025-03-23
27,5,2,3,2024-11-16
28,5,17,2,2025-01-08
29,18,16,2,2024-12-08
30,35,5,5,2024-10-14
31,37,16,2,2024-09-20
32,31,14,2,2025-01-21
33,7,4,4,2024-11-25
34,23,14,4,2024-06-17
35,30,2,1,2024-08-24
36,4,13,3,2024-06-20
37,7,8,2,2024-08-15
38,13,18,4,2024-11-29
39,9,14,2,2025-03-14
40,18,15,2,2024-05-19
41,5,15,5,2024-09-15
42,7,2,5,2025-03-01
43,1,3,2,2024-07-15
44,11,14,4,2025-04-11
45,31,7,4,2025-02-18
46,4,6,4,2024-08-17
47,1,13,3,2025-02-26
48,30,10,4,2024-11-21
49,45,18,4,2025-04-01
50,10,7,3,2024-12-14
51,14,2,5,2024-11-21
52,48,18,1,2024-12-15
53,48,11,1,2024-11-01
54,4,19,4,2024-12-21
55,33,17,2,2025-05-04
56,4,17,1,2025-03-26
57,12,3,5,2024-12-28
58,5,8,4,2024-11-22
59,8,19,2,2024-10-22
60,38,20,1,2025-02-01
61,40,3,4,2024-10-07
62,43,19,5,2024-12-06
63,34,11,3,2025-03-16
64,14,11,2,2025-02-02
65,17,13,2,2024-10-14
66,43,10,4,2024-09-26
67,21,3,1,2025-01-01
68,30,20,5,2024-10-22
69,7,3,5,2024-08-12
70,14,17,3,2024-06-23
71,9,12,1,2024-07-25
72,16,12,3,2025-03-05
73,11,15,5,2025-02-21
74,46,10,5,2024-12-20
75,42,17,1,2024-06-30
76,43,18,3,2025-04-30
77,43,4,2,2024-07-17
78,17,4,1,2024-09-15
79,48,18,2,2024-08-07
80,18,10,5,2024-12-15
81,14,11,2,2024-07-19
82,44,9,5,2025-01-20
83,32,9,1,2025-03-11
84,6,14,3,2025-03-14
85,3,1,3,2024-06-19
86,50,5,3,2025-01-28
87,11,15,5,2024-06-08
88,46,14,5,2024-09-23
89,1,4,1,2025-02-11
90,45,5,5,2024-12-15
91,3,12,5,2025-03-08
92,36,5,4,2025-04-09
93,9,2,3,2024-09-30
94,24,2,3,2025-01-17
95,14,8,1,2025-05-10
96,23,18,4,2024-10-03
97,40,5,2,2025-04-09
98,11,6,4,2024-10-21
99,2,6,3,2024-11-29
100,27,8,3,2024-10-25
