id_usuario,nome,email,sexo,idade
1,Clara,albuquerquetheo@example.com,M,19
2,Nicole,teixeiradavi-lucas@example.org,F,33
3,Vinicius,juliana18@example.net,M,26
4,Juliana,isis46@example.com,M,61
5,Agatha,bcamara@example.org,M,55
6,Maria Laura,castroeduardo@example.org,F,20
7,Paulo,ravy12@example.org,M,23
8,Daniela,onunes@example.com,M,32
9,Yuri,xrezende@example.com,M,53
10,Maria Liz,nascimentoluiz-otavio@example.net,M,63
11,João Lucas,lopesmirella@example.org,F,32
12,Théo,maria-juliaramos@example.net,F,55
13,Luiz Felipe,yangomes@example.net,F,69
14,Arthur Gabriel,pborges@example.com,M,66
15,Mariah,juliafernandes@example.org,M,62
16,Juan,nathan61@example.net,F,39
17,Juliana,pastorcamila@example.net,F,27
18,Rael,pedro-henrique85@example.com,M,66
19,Yasmin,mariane67@example.com,F,24
20,Gael,raquel96@example.net,M,42
21,Dom,ana-carolinafernandes@example.com,M,40
22,Ana Lívia,jose-miguel66@example.net,F,56
23,Maria Fernanda,marianemonteiro@example.com,F,69
24,Pedro,jade11@example.com,M,64
25,Eduarda,nrezende@example.net,F,52
26,Maria Julia,pastoreloah@example.com,M,42
27,Heloísa,rhavida-cunha@example.com,M,53
28,Rael,yangoncalves@example.com,F,58
29,Samuel,halves@example.com,F,54
30,Sofia,caiosales@example.org,M,63
31,Maria,nvasconcelos@example.net,M,20
32,Ian,kcassiano@example.net,M,67
33,Isabelly,isousa@example.net,F,23
34,Agatha,piresmarcos-vinicius@example.net,M,24
35,Diogo,luarapires@example.org,F,35
36,Sofia,da-motajoao-felipe@example.org,F,58
37,Bryan,samuel72@example.net,F,28
38,Aylla,ana-julia38@example.com,F,40
39,João Miguel,barbosaleonardo@example.com,M,60
40,Murilo,luiz-fernandomendonca@example.org,F,62
41,Maria Laura,hrocha@example.com,M,56
42,Bruna,costelasophia@example.com,M,52
43,Pedro Henrique,gviana@example.com,M,28
44,Mateus,ncostela@example.net,F,42
45,Mariane,ravy29@example.net,F,58
46,Arthur Gabriel,ribeiroarthur-gabriel@example.net,M,61
47,Vicente,isabelada-mota@example.com,F,67
48,Sarah,mateus05@example.com,M,32
49,Luana,tmoraes@example.net,M,69
50,Milena,pietra29@example.org,F,43
